notch,control_year,matched_revenue_lei,nearest_notch_lei,distance_pct,admissible
"2014: micro €65,000",2015,320303,291336,9.0,False
"2014: micro €65,000",2016,324658,220000,32.2,True
"2014: micro €65,000",2017,330582,220000,33.5,True
"2014: micro €65,000",2018,348698,300000,14.0,False
"2014: micro €65,000",2019,363452,300000,17.5,False
"2014: micro €65,000",2020,342893,300000,12.5,False
"2014: micro €65,000",2021,395680,300000,24.2,False
"2014: micro €65,000",2022,435845,300000,31.2,True
"2014: micro €65,000",2023,464036,300000,35.3,True
"2014: micro €65,000",2024,469119,300000,36.1,True
"2014: micro €65,000",2025,478516,497410,3.9,False
"2015: micro €65,000",2014,271013,291506,7.6,False
"2015: micro €65,000",2016,297200,220000,26.0,True
"2015: micro €65,000",2017,301895,220000,27.1,True
"2015: micro €65,000",2018,318002,300000,5.7,False
"2015: micro €65,000",2019,332757,300000,9.8,False
"2015: micro €65,000",2020,314645,300000,4.7,False
"2015: micro €65,000",2021,362396,300000,17.2,False
"2015: micro €65,000",2022,399900,300000,25.0,False
"2015: micro €65,000",2023,426702,300000,29.7,True
"2015: micro €65,000",2024,432885,300000,30.7,True
"2015: micro €65,000",2025,444746,395000,11.2,False
"2016: micro €100,000",2014,419467,291506,30.5,True
"2016: micro €100,000",2015,466531,291336,37.6,True
"2016: micro €100,000",2017,475069,220000,53.7,True
"2016: micro €100,000",2018,501690,300000,40.2,True
"2016: micro €100,000",2019,521737,300000,42.5,True
"2016: micro €100,000",2020,491859,300000,39.0,True
"2016: micro €100,000",2021,567565,300000,47.1,True
"2016: micro €100,000",2022,623047,300000,51.8,True
"2016: micro €100,000",2023,656376,300000,54.3,True
"2016: micro €100,000",2024,657973,300000,54.4,True
"2016: micro €100,000",2025,664715,509850,23.3,False
"2017: micro €500,000",2014,2085783,291506,86.0,True
"2017: micro €500,000",2015,2250960,291336,87.1,True
"2017: micro €500,000",2016,2251864,452450,79.9,True
"2017: micro €500,000",2018,2423819,300000,87.6,True
"2017: micro €500,000",2019,2504895,4663900,86.2,True
"2017: micro €500,000",2020,2394853,300000,87.5,True
"2017: micro €500,000",2021,2802533,4869400,73.7,True
"2017: micro €500,000",2022,3050952,2473700,18.9,False
"2017: micro €500,000",2023,2867275,2473700,13.7,False
"2017: micro €500,000",2024,2943739,2487300,15.5,False
"2017: micro €500,000",2025,3127842,1243525,60.2,True
"2018: micro €1,000,000",2014,4194912,291506,93.1,True
"2018: micro €1,000,000",2015,4489344,291336,93.5,True
"2018: micro €1,000,000",2016,4442943,452450,89.8,True
"2018: micro €1,000,000",2017,4539665,2270550,50.0,True
"2018: micro €1,000,000",2019,4722908,4663900,1.2,False
"2018: micro €1,000,000",2020,4628253,4779300,3.3,False
"2018: micro €1,000,000",2021,5176012,4869400,5.9,False
"2018: micro €1,000,000",2022,5819964,4948100,15.0,False
"2018: micro €1,000,000",2023,5825793,2473700,57.5,True
"2018: micro €1,000,000",2024,5880961,2487300,57.7,True
"2018: micro €1,000,000",2025,6261318,1243525,80.1,True
"2019: micro €1,000,000",2014,4122637,291506,92.9,True
"2019: micro €1,000,000",2015,4413039,291336,93.4,True
"2019: micro €1,000,000",2016,4370423,452450,89.6,True
"2019: micro €1,000,000",2017,4464503,2270550,49.1,True
"2019: micro €1,000,000",2018,4613598,4659700,1.0,False
"2019: micro €1,000,000",2020,4567831,4779300,4.6,False
"2019: micro €1,000,000",2021,5091444,4869400,4.4,False
"2019: micro €1,000,000",2022,5722450,4948100,13.5,False
"2019: micro €1,000,000",2023,5728702,2473700,56.8,True
"2019: micro €1,000,000",2024,5785388,2487300,57.0,True
"2019: micro €1,000,000",2025,6159369,1243525,79.8,True
"2020: micro €1,000,000",2014,4423995,291506,93.4,True
"2020: micro €1,000,000",2015,4726337,291336,93.8,True
"2020: micro €1,000,000",2016,4685343,452450,90.3,True
"2020: micro €1,000,000",2017,4761311,2270550,52.3,True
"2020: micro €1,000,000",2018,4933201,4659700,5.5,False
"2020: micro €1,000,000",2019,4973092,4663900,6.2,False
"2020: micro €1,000,000",2021,5474699,4869400,11.1,False
"2020: micro €1,000,000",2022,6143249,4948100,19.5,False
"2020: micro €1,000,000",2023,6152517,2473700,59.8,True
"2020: micro €1,000,000",2024,6207753,2487300,59.9,True
"2020: micro €1,000,000",2025,6602188,1243525,81.2,True
"2021: micro €1,000,000",2014,3917089,291506,92.6,True
"2021: micro €1,000,000",2015,4186301,291336,93.0,True
"2021: micro €1,000,000",2016,4148044,452450,89.1,True
"2021: micro €1,000,000",2017,4244327,2270550,46.5,True
"2021: micro €1,000,000",2018,4425118,4659700,5.3,False
"2021: micro €1,000,000",2019,4519394,4663900,3.2,False
"2021: micro €1,000,000",2020,4365849,4779300,9.5,False
"2021: micro €1,000,000",2022,5428146,4948100,8.8,False
"2021: micro €1,000,000",2023,5435506,2473700,54.5,True
"2021: micro €1,000,000",2024,5480949,2487300,54.6,True
"2021: micro €1,000,000",2025,5843397,1243525,78.7,True
"2022: micro €1,000,000",2014,3557464,291506,91.8,True
"2022: micro €1,000,000",2015,3817243,291336,92.4,True
"2022: micro €1,000,000",2016,3789514,452450,88.1,True
"2022: micro €1,000,000",2017,3872191,2270550,41.4,True
"2022: micro €1,000,000",2018,4057933,4659700,14.8,False
"2022: micro €1,000,000",2019,4167182,4663900,11.9,False
"2022: micro €1,000,000",2020,4011678,4779300,19.1,False
"2022: micro €1,000,000",2021,4600693,4869400,5.8,False
"2022: micro €1,000,000",2023,4938337,2473700,49.9,True
"2022: micro €1,000,000",2024,5013496,2487300,50.4,True
"2022: micro €1,000,000",2025,5322438,1243525,76.6,True
"2023: micro €500,000",2014,1788808,291506,83.7,True
"2023: micro €500,000",2015,1944371,291336,85.0,True
"2023: micro €500,000",2016,1938059,452450,76.7,True
"2023: micro €500,000",2017,1980045,2270550,14.7,False
"2023: micro €500,000",2018,2091478,300000,85.7,True
"2023: micro €500,000",2019,2162662,300000,86.1,True
"2023: micro €500,000",2020,2070362,300000,85.5,True
"2023: micro €500,000",2021,2416743,300000,87.6,True
"2023: micro €500,000",2022,2614557,2473700,5.4,False
"2023: micro €500,000",2024,2530522,2487300,1.7,False
"2023: micro €500,000",2025,2698508,1243525,53.9,True
"2024: micro €500,000",2014,1753790,291506,83.4,True
"2024: micro €500,000",2015,1905739,291336,84.7,True
"2024: micro €500,000",2016,1900411,452450,76.2,True
"2024: micro €500,000",2017,1941446,2270550,17.0,False
"2024: micro €500,000",2018,2049581,300000,85.4,True
"2024: micro €500,000",2019,2121947,300000,85.9,True
"2024: micro €500,000",2020,2029439,300000,85.2,True
"2024: micro €500,000",2021,2367759,300000,87.3,True
"2024: micro €500,000",2022,2563149,2473700,3.5,False
"2024: micro €500,000",2023,2459062,2473700,0.6,False
"2024: micro €500,000",2025,2647490,1243525,53.0,True
"2025: micro €250,000",2014,815991,291506,64.3,True
"2025: micro €250,000",2015,896375,291336,67.5,True
"2025: micro €250,000",2016,890514,452450,49.2,True
"2025: micro €250,000",2017,917977,220000,76.0,True
"2025: micro €250,000",2018,969507,300000,69.1,True
"2025: micro €250,000",2019,1008303,300000,70.2,True
"2025: micro €250,000",2020,956524,300000,68.6,True
"2025: micro €250,000",2021,1107043,300000,72.9,True
"2025: micro €250,000",2022,1212228,300000,75.3,True
"2025: micro €250,000",2023,1247422,300000,76.0,True
"2025: micro €250,000",2024,1232443,300000,75.7,True
"2022: announced-for-2023 €500,000",2014,1691072,291506,82.8,True
"2022: announced-for-2023 €500,000",2015,1838602,291336,84.2,True
"2022: announced-for-2023 €500,000",2016,1834725,452450,75.3,True
"2022: announced-for-2023 €500,000",2017,1875296,2270550,21.1,False
"2022: announced-for-2023 €500,000",2018,1974973,300000,84.8,True
"2022: announced-for-2023 €500,000",2019,2050178,300000,85.4,True
"2022: announced-for-2023 €500,000",2020,1959969,300000,84.7,True
"2022: announced-for-2023 €500,000",2021,2284556,300000,86.9,True
"2022: announced-for-2023 €500,000",2023,2417903,2473700,2.3,False
"2022: announced-for-2023 €500,000",2024,2435321,2487300,2.1,False
"2022: announced-for-2023 €500,000",2025,2556045,1243525,51.3,True
"2025: next-year eligibility €100,000 (end-2024 rate)",2014,306440,291506,4.9,False
"2025: next-year eligibility €100,000 (end-2024 rate)",2015,341537,291336,14.7,False
"2025: next-year eligibility €100,000 (end-2024 rate)",2016,344784,452450,31.2,True
"2025: next-year eligibility €100,000 (end-2024 rate)",2017,351458,220000,37.4,True
"2025: next-year eligibility €100,000 (end-2024 rate)",2018,370745,300000,19.1,False
"2025: next-year eligibility €100,000 (end-2024 rate)",2019,386333,300000,22.3,False
"2025: next-year eligibility €100,000 (end-2024 rate)",2020,364270,300000,17.6,False
"2025: next-year eligibility €100,000 (end-2024 rate)",2021,420213,300000,28.6,True
"2025: next-year eligibility €100,000 (end-2024 rate)",2022,462101,300000,35.1,True
"2025: next-year eligibility €100,000 (end-2024 rate)",2023,491031,300000,38.9,True
"2025: next-year eligibility €100,000 (end-2024 rate)",2024,495837,300000,39.5,True
