year,mult,location,b_count,excess5,deficit20,net,net_pct_of_window
2014,0.45,131177,-0.34,-402.11,-2880.66,-4396.7,-10.36
2014,0.6,174903,-0.61,-735.96,-2063.82,-4934.57,-11.55
2014,1.35,393532,-0.24,-188.18,-257.54,-1244.21,-4.28
2014,1.6,466409,-0.1,-71.47,-526.1,-1014.57,-3.66
2014,2.0,583011,-0.02,-16.41,-167.25,-648.47,-2.49
2014,2.5,728764,-0.01,-8.72,24.25,-95.71,-0.39
2015,0.45,131101,-0.21,-245.07,-1517.35,-2454.63,-5.59
2015,0.6,174802,-0.3,-353.57,320.57,-682.78,-1.47
2015,2.5,728341,0.27,179.2,178.12,556.58,2.1
2016,0.75,339338,-0.14,-126.12,5.49,-714.68,-2.08
2016,1.35,610808,-0.27,-193.36,-237.72,-1267.03,-4.62
2016,1.6,723920,-0.14,-97.63,-130.23,-575.72,-2.17
2016,2.0,904900,-0.04,-22.94,-167.24,-327.33,-1.33
2016,2.5,1131125,0.13,75.74,-162.87,-266.23,-1.18
2017,0.45,1021748,-0.06,-41.18,17.92,165.41,0.65
2017,0.6,1362330,-0.04,-24.63,-70.9,-57.25,-0.26
2017,0.75,1702912,0.05,25.4,208.74,286.03,1.42
2017,1.35,3065242,0.02,6.97,-145.75,-199.62,-1.48
2017,1.6,3632880,-0.03,-8.07,-43.47,-106.1,-0.88
2017,2.0,4541100,0.16,41.45,195.03,248.73,2.35
2017,2.5,5676375,-0.19,-40.9,66.9,247.45,2.8
2018,0.45,2096865,-0.15,-73.97,53.62,40.32,0.21
2018,0.6,2795820,0.29,116.25,178.75,384.05,2.38
2018,0.75,3494775,0.34,114.64,11.13,365.58,2.63
2018,1.35,6290595,-0.11,-23.67,42.11,-59.29,-0.7
2018,1.6,7455520,0.12,22.22,-20.56,30.23,0.4
2018,2.0,9319400,0.23,36.99,85.69,88.67,1.39
2018,2.5,11649250,0.14,19.17,37.89,157.21,2.88
2019,0.45,2098755,0.11,58.66,183.93,496.68,2.35
2019,0.6,2798340,-0.15,-64.15,128.23,99.19,0.57
2019,0.75,3497925,0.07,26.16,368.64,647.83,4.22
2019,1.35,6296265,0.11,26.43,-49.82,-267.79,-2.99
2019,1.6,7462240,-0.16,-33.5,-72.0,-110.86,-1.39
2019,2.0,9327800,0.32,54.31,-32.37,-86.41,-1.28
2019,2.5,11659750,0.26,37.77,74.68,56.35,0.97
2020,0.45,2150685,0.06,30.7,103.1,285.89,1.38
2020,0.6,2867580,0.06,24.7,104.4,165.76,0.97
2020,0.75,3584475,0.13,48.98,312.72,594.33,3.94
2020,1.35,6452055,-0.14,-33.16,-97.97,-313.37,-3.61
2020,1.6,7646880,-0.39,-78.46,-38.46,-189.72,-2.45
2020,2.0,9558600,-0.13,-21.93,-89.83,-169.13,-2.58
2020,2.5,11948250,-0.11,-16.56,3.65,-139.49,-2.5
2021,0.45,2191230,-0.02,-9.0,-14.06,-95.59,-0.44
2021,0.6,2921640,-0.13,-59.15,275.05,137.2,0.74
2021,0.75,3652050,0.24,93.49,430.17,868.42,5.28
2021,1.35,6573690,-0.13,-32.59,-70.33,-250.76,-2.64
2021,1.6,7791040,0.19,41.35,-114.87,-194.59,-2.35
2021,2.0,9738800,0.12,21.33,-52.76,-202.1,-2.88
2021,2.5,12173500,-0.04,-5.87,32.65,-36.3,-0.6
2022,0.75,3711075,-0.01,-3.16,375.98,271.64,1.46
2022,1.35,6679935,0.01,3.51,-1.17,-55.03,-0.47
2022,1.6,7916960,-0.18,-45.41,-43.6,14.72,0.15
2022,2.0,9896200,-0.1,-20.39,-138.34,-211.47,-2.54
2022,2.5,12370250,-0.13,-24.06,-31.59,-184.65,-2.61
2023,0.45,1113165,0.05,40.86,127.69,539.3,1.49
2023,0.6,1484220,0.24,198.65,416.02,906.41,2.77
2023,0.75,1855275,0.41,303.93,952.85,1690.96,5.57
2023,1.35,3339495,-0.19,-96.08,-303.44,-987.01,-5.3
2023,1.6,3957920,-0.12,-54.25,-289.05,-652.57,-3.84
2023,2.0,4947400,-0.24,-94.52,-118.71,-359.43,-2.44
2023,2.5,6184250,-0.17,-57.0,-138.93,-348.66,-2.78
2024,0.45,1119285,0.32,306.81,932.09,1813.03,4.55
2024,0.6,1492380,-0.09,-75.66,257.91,696.92,2.01
2024,0.75,1865475,0.03,24.57,787.0,1128.51,3.54
2024,1.35,3357855,-0.09,-47.96,-241.8,-450.42,-2.16
2024,1.6,3979680,0.05,25.87,-91.93,-284.27,-1.52
2024,2.0,4974600,-0.12,-50.96,52.01,64.97,0.4
2024,2.5,6218250,-0.18,-64.0,69.17,71.42,0.51
2025,0.6,746115,0.24,256.56,555.01,1013.81,2.33
2025,0.75,932644,0.07,71.7,580.12,1305.19,3.22
2025,1.35,1678759,-0.08,-67.44,-106.22,-302.98,-0.98
2025,1.6,1989640,-0.1,-76.62,-358.34,-550.19,-1.93
2025,2.0,2487050,0.05,30.0,35.26,-1.79,-0.01
2025,2.5,3108812,0.09,49.26,-243.85,-104.07,-0.47
