year,mult,b
2014,0.45,0.135
2014,0.6,-0.103
2014,1.35,-0.04
2014,1.6,0.08
2014,2.0,0.1
2014,2.5,0.006
2015,0.45,0.058
2015,0.6,-0.229
2015,2.5,0.159
2016,0.75,-0.04
2016,1.35,-0.047
2016,1.6,-0.035
2016,2.0,0.031
2016,2.5,0.192
2017,0.45,-0.097
2017,0.6,-0.031
2017,0.75,-0.022
2017,1.35,0.094
2017,1.6,0.018
2017,2.0,0.037
2017,2.5,-0.324
2018,0.45,-0.162
2018,0.6,0.167
2018,0.75,0.197
2018,1.35,-0.074
2018,1.6,0.097
2018,2.0,0.157
2018,2.5,-0.009
2019,0.45,-0.008
2019,0.6,-0.176
2019,0.75,-0.144
2019,1.35,0.266
2019,1.6,-0.094
2019,2.0,0.386
2019,2.5,0.209
2020,0.45,-0.01
2020,0.6,0.008
2020,0.75,-0.068
2020,1.35,0.031
2020,1.6,-0.279
2020,2.0,-0.004
2020,2.5,0.007
2021,0.45,0.006
2021,0.6,-0.162
2021,0.75,-0.039
2021,1.35,-0.007
2021,1.6,0.315
2021,2.0,0.267
2021,2.5,-0.007
2022,0.75,-0.08
2022,1.35,0.036
2022,1.6,-0.183
2022,2.0,0.03
2022,2.5,-0.004
2023,0.45,-0.029
2023,0.6,0.098
2023,0.75,0.113
2023,1.35,0.061
2023,1.6,0.064
2023,2.0,-0.126
2023,2.5,-0.035
2024,0.45,0.08
2024,0.6,-0.185
2024,0.75,-0.146
2024,1.35,0.017
2024,1.6,0.13
2024,2.0,-0.14
2024,2.5,-0.201
2025,0.6,0.119
2025,0.75,-0.092
2025,1.35,-0.036
2025,1.6,-0.013
2025,2.0,0.046
2025,2.5,0.11
