notch,N_t,b_count,excess_5below,deficit_5above,deficit_20above,diff_5to20below,net_window,share_of_excess_found_above
"2014: micro €65,000",495914,1.23,1043,680,41,-620,464,-0.04
"2015: micro €65,000",505212,1.75,1554,-301,-1446,120,228,0.93
"2016: micro €100,000",526282,1.95,1557,-29,-766,692,1483,0.49
"2017: micro €500,000",553283,0.94,399,-44,-119,245,525,0.3
"2018: micro €1,000,000",579309,1.74,477,-93,-212,300,565,0.45
"2019: micro €1,000,000",616900,2.46,736,176,-66,721,1390,0.09
"2020: micro €1,000,000",636361,2.5,739,143,-104,627,1262,0.14
"2021: micro €1,000,000",624795,3.35,1057,213,-2,1007,2062,0.0
"2022: micro €1,000,000",693309,2.81,1049,48,-29,861,1882,0.03
"2023: micro €500,000",716718,4.59,2749,460,-89,2064,4723,0.03
"2024: micro €500,000",769620,2.38,1551,157,-42,1425,2934,0.03
"2025: micro €250,000",738762,1.0,907,152,39,762,1708,-0.04
"2015: next-year eligibility €100,000 (end-2015 rate)",505212,-0.2,-155,377,52,-919,-1022,
"2022: announced-for-2023 €500,000",693309,0.97,580,5,-303,399,676,0.52
"2025: next-year eligibility €100,000 (end-2024 rate)",738762,2.29,2850,1363,649,2752,6250,-0.23
