design,control,year,micro_T,micro_C,first_stage_pp,DiD_pp,per_switch_pp,nT,nC
2018 entry,"control (1.0,1.2]",2015,14.2,12.8,0.6,0.09,,5353,3760
2018 entry,"control (1.0,1.2]",2016,13.8,13.6,-0.6,0.16,,5353,3760
2018 entry,"control (1.0,1.2]",2017,15.3,14.5,0.0,0.0,,5353,3760
2018 entry,"control (1.0,1.2]",2018,55.5,29.2,25.5,0.71,2.78,5353,3760
2018 entry,"control (1.0,1.2]",2019,45.3,28.8,15.8,0.51,3.21,5353,3760
2018 entry,"control (1.0,1.2]",2020,44.1,32.8,10.5,0.48,4.57,5353,3760
2018 entry,"control (1.2,1.5]",2015,14.2,13.5,-0.1,-0.09,,5353,3807
2018 entry,"control (1.2,1.5]",2016,13.8,12.8,0.2,-0.26,,5353,3807
2018 entry,"control (1.2,1.5]",2017,15.3,14.5,0.0,0.0,,5353,3807
2018 entry,"control (1.2,1.5]",2018,55.5,17.8,36.9,0.6,1.64,5353,3807
2018 entry,"control (1.2,1.5]",2019,45.3,21.1,23.4,0.34,1.45,5353,3807
2018 entry,"control (1.2,1.5]",2020,44.1,25.4,18.0,0.52,2.9,5353,3807
2023 exit,"control (1.0,1.2]",2020,69.1,58.9,-14.4,-0.06,0.44,7556,4766
2023 exit,"control (1.0,1.2]",2021,70.2,57.3,-11.8,0.07,-0.62,7556,4766
2023 exit,"control (1.0,1.2]",2022,66.3,41.7,0.0,0.0,,7556,4766
2023 exit,"control (1.0,1.2]",2023,40.1,24.9,-9.4,-0.95,10.06,7556,4766
2023 exit,"control (1.0,1.2]",2024,19.3,18.5,-23.8,-1.62,6.79,7556,4766
2023 exit,"control (1.0,1.2]",2025,17.5,16.8,-24.0,-1.98,8.26,7556,4766
2023 exit,"control (1.2,1.5]",2020,69.1,45.9,-18.0,-0.78,4.36,7556,4797
2023 exit,"control (1.2,1.5]",2021,70.2,40.3,-11.3,-0.45,3.97,7556,4797
2023 exit,"control (1.2,1.5]",2022,66.3,25.1,0.0,0.0,,7556,4797
2023 exit,"control (1.2,1.5]",2023,40.1,21.4,-22.5,-2.0,8.92,7556,4797
2023 exit,"control (1.2,1.5]",2024,19.3,17.6,-39.5,-2.78,7.02,7556,4797
2023 exit,"control (1.2,1.5]",2025,17.5,15.9,-39.6,-2.81,7.09,7556,4797
