year,group,n,median_margin,share_margin_gt_6_25,share_margin_gt_18_75,median_rate_paid_by_micro,micro_share
2014,bunchers,5275,0.16,62.5,47.0,3.0,70.8
2014,just_above,8224,0.027,36.8,17.9,2.34,26.8
2015,bunchers,5988,0.169,64.8,48.1,3.0,71.3
2015,just_above,7302,0.058,48.7,26.6,2.97,39.8
2016,bunchers,5547,0.134,63.1,43.0,1.0,67.8
2016,just_above,6913,0.053,47.0,24.3,1.0,43.5
2017,bunchers,2515,0.089,57.8,30.3,1.0,61.3
2017,just_above,3684,0.062,49.9,20.7,0.98,47.1
2018,bunchers,1846,0.106,62.3,31.4,1.0,70.5
2018,just_above,2285,0.057,47.4,19.0,0.95,45.4
2019,bunchers,2231,0.117,64.9,34.7,0.99,71.4
2019,just_above,2709,0.07,53.1,21.9,0.96,49.2
2020,bunchers,2220,0.132,68.8,38.4,0.92,68.2
2020,just_above,2552,0.078,56.5,22.1,0.91,46.1
2021,bunchers,2637,0.16,74.5,45.1,0.88,75.5
2021,just_above,2877,0.097,62.7,30.7,0.87,55.6
2022,bunchers,2916,0.166,74.9,45.7,0.91,76.7
2022,just_above,3277,0.101,63.2,30.8,0.89,56.9
2023,bunchers,5744,0.2,75.7,52.1,0.92,86.4
2023,just_above,5570,0.098,60.5,31.0,0.89,67.6
2024,bunchers,4811,0.151,68.4,44.7,2.89,44.8
2024,just_above,5857,0.081,56.3,28.1,2.24,29.2
2025,bunchers,5425,0.135,64.2,42.6,2.72,38.2
2025,just_above,8205,0.093,57.8,33.4,2.29,30.4
