notch,b_win10,excess_win10,b_win20,excess_win20,b_win30,excess_win30
"2014: micro €65,000",0.74,680,1.15,986,0.78,708
"2015: micro €65,000",1.36,1278,1.71,1526,1.55,1417
"2016: micro €100,000",1.28,1134,1.64,1369,1.79,1462
"2017: micro €500,000",0.62,278,0.76,332,0.79,343
"2018: micro €1,000,000",1.2,357,1.41,406,1.46,418
"2019: micro €1,000,000",1.27,453,1.67,558,1.87,607
"2020: micro €1,000,000",1.35,472,1.75,576,1.93,617
"2021: micro €1,000,000",1.59,637,2.15,793,2.39,853
"2022: micro €1,000,000",1.58,700,1.92,808,2.15,876
"2023: micro €500,000",2.19,1749,2.99,2151,3.35,2304
"2024: micro €500,000",1.26,967,1.62,1179,1.78,1262
"2025: micro €250,000",0.57,557,0.73,690,0.78,728
"2015: next-year eligibility €100,000 (end-2015 rate)",-0.14,-106,-0.03,-24,0.04,28
"2022: announced-for-2023 €500,000",0.6,384,0.8,494,0.89,538
"2025: next-year eligibility €100,000 (end-2024 rate)",1.02,1540,1.47,2059,1.11,1641
