notch,-50..-20,-50..-20 %,-20..-5,-20..-5 %,-5..0,-5..0 %,0..10,0..10 %,10..20,10..20 %,20..30,20..30 %,30..40,30..40 %,40..50,40..50 %
"2014: micro €65,000",-10248,-16.8,-620,-4.3,1043,24.7,425,5.5,-384,-5.6,-435,-7.0,-782,-13.1,37,0.8
"2015: micro €65,000",-7227,-11.2,120,0.8,1554,35.1,-778,-9.6,-668,-9.2,-567,-8.9,-446,-7.6,-663,-11.7
"2016: micro €100,000",-6466,-13.8,692,5.0,1557,39.0,-296,-4.1,-470,-7.4,-231,-4.0,-62,-1.2,-167,-3.6
"2017: micro €500,000",447,1.8,245,3.2,399,18.9,-54,-1.4,-65,-2.0,-41,-1.5,-30,-1.2,-95,-4.3
"2018: micro €1,000,000",896,5.3,300,6.0,477,34.9,-139,-5.7,-74,-3.6,-18,-1.0,13,0.9,0,-0.0
"2019: micro €1,000,000",1091,6.0,721,13.3,736,49.2,107,4.1,-173,-7.8,-61,-3.3,-38,-2.3,33,2.3
"2020: micro €1,000,000",1158,6.5,627,11.8,739,49.9,16,0.6,-121,-5.7,-38,-2.0,4,0.2,-38,-2.6
"2021: micro €1,000,000",1467,7.7,1007,17.8,1057,66.9,130,4.7,-132,-5.6,-23,-1.2,-8,-0.4,-100,-6.5
"2022: micro €1,000,000",404,1.8,861,13.0,1049,56.2,7,0.2,-36,-1.3,-21,-0.8,47,2.3,-1,-0.1
"2023: micro €500,000",2661,7.8,2064,19.3,2749,91.8,220,4.1,-309,-6.7,-209,-5.3,-74,-2.1,-158,-5.0
"2024: micro €500,000",1469,3.9,1424,12.3,1551,47.6,73,1.3,-115,-2.3,-41,-1.0,-127,-3.3,-111,-3.2
"2025: micro €250,000",1795,3.8,762,4.9,907,20.1,155,1.9,-116,-1.6,-28,-0.4,-76,-1.3,4,0.1
"2015: next-year eligibility €100,000 (end-2015 rate)",-6156,-13.3,-919,-6.9,-155,-4.0,235,3.3,-183,-3.0,-24,-0.4,125,2.5,30,0.6
"2022: announced-for-2023 €500,000",-432,-1.3,399,3.7,580,19.4,-58,-1.1,-245,-5.3,-79,-2.0,14,0.4,-49,-1.6
"2025: next-year eligibility €100,000 (end-2024 rate)",7705,8.7,2751,12.8,2850,45.9,1116,9.9,-467,-4.6,-481,-5.1,-12,-0.1,317,4.4
