year,group,n,n_with_lag,median_margin_t,median_margin_lag,share_lag_gt_6_25,share_lag_gt_18_75,share_t_gt_cut,share_lag_gt_cut,micro_share_t,micro_share_lag,lag_below_ceiling
2015,bunchers,5988,5524,0.169,0.108,56.7,40.6,48.1,40.6,71.3,68.8,77.5
2015,just_above,7302,6739,0.058,0.034,41.5,23.3,26.6,23.3,39.8,53.4,59.8
2016,bunchers,5547,5065,0.134,0.089,55.6,34.9,63.1,55.6,67.8,45.6,76.2
2016,just_above,6913,6518,0.053,0.044,43.3,21.0,47.0,43.3,43.5,29.9,54.4
2017,bunchers,2515,2427,0.089,0.068,52.2,22.7,57.8,52.2,61.3,19.4,76.8
2017,just_above,3684,3583,0.062,0.051,45.4,16.9,49.9,45.4,47.1,16.9,61.6
2018,bunchers,1846,1794,0.106,0.077,55.1,24.1,62.3,55.1,70.5,30.3,80.2
2018,just_above,2285,2237,0.057,0.053,45.2,16.3,47.4,45.2,45.4,22.6,58.5
2019,bunchers,2231,2157,0.117,0.101,61.1,32.3,64.9,61.1,71.4,72.1,84.0
2019,just_above,2709,2659,0.07,0.067,51.9,22.3,53.1,51.9,49.2,58.8,63.8
2020,bunchers,2220,2151,0.132,0.109,63.5,34.7,68.8,63.5,68.2,66.5,75.1
2020,just_above,2552,2513,0.078,0.067,51.3,20.8,56.5,51.3,46.1,50.2,53.9
2021,bunchers,2637,2543,0.16,0.134,69.3,39.0,74.5,69.3,75.5,71.0,87.2
2021,just_above,2877,2818,0.097,0.082,57.0,25.5,62.7,57.0,55.6,57.6,74.4
2022,bunchers,2916,2668,0.166,0.156,72.8,44.2,74.9,72.8,76.7,75.4,88.2
2022,just_above,3277,3060,0.101,0.105,64.7,30.8,63.2,64.7,56.9,62.9,75.8
2023,bunchers,5744,5313,0.2,0.201,75.7,51.6,75.7,75.7,86.4,86.2,67.8
2023,just_above,5570,5311,0.098,0.121,66.1,35.9,60.5,66.1,67.6,76.9,56.1
2024,bunchers,4811,4485,0.151,0.154,69.9,45.1,44.7,45.1,44.8,78.5,79.3
2024,just_above,5857,5503,0.081,0.099,60.9,31.5,28.1,31.5,29.2,69.6,60.1
2025,bunchers,5425,5082,0.135,0.121,63.0,40.4,42.6,40.4,38.2,47.3,70.3
2025,just_above,8205,7908,0.093,0.098,58.6,34.9,33.4,34.9,30.4,44.0,56.4
