notch,cut_pct,group,firms_in_window,b,se,excess_firms,excess_pct_of_window,group_share_of_year
"2015: micro €65,000",18.75,gain,9377,4.44,0.2,1056,11.3,21.7
"2015: micro €65,000",18.75,no gain,22877,0.68,0.1,394,1.7,65.3
"2016: micro €100,000",6.25,gain,14801,2.56,0.13,954,6.4,41.5
"2016: micro €100,000",6.25,no gain,15908,0.56,0.12,227,1.4,44.0
"2017: micro €500,000",6.25,gain,7936,1.34,0.18,268,3.4,44.0
"2017: micro €500,000",6.25,no gain,8743,0.25,0.16,55,0.6,41.2
"2018: micro €1,000,000",6.25,gain,5495,2.02,0.23,284,5.2,46.3
"2018: micro €1,000,000",6.25,no gain,5699,0.46,0.21,68,1.2,39.5
"2019: micro €1,000,000",6.25,gain,6990,2.31,0.23,417,6.0,47.4
"2019: micro €1,000,000",6.25,no gain,5795,0.75,0.2,109,1.9,37.3
"2020: micro €1,000,000",6.25,gain,6898,2.66,0.22,474,6.9,51.1
"2020: micro €1,000,000",6.25,no gain,5529,0.54,0.21,76,1.4,36.5
"2021: micro €1,000,000",6.25,gain,8460,3.17,0.21,684,8.1,50.5
"2021: micro €1,000,000",6.25,no gain,5565,0.54,0.2,77,1.4,35.5
"2022: micro €1,000,000",6.25,gain,10122,2.49,0.21,646,6.4,50.7
"2022: micro €1,000,000",6.25,no gain,5192,0.47,0.21,63,1.2,30.2
"2023: micro €500,000",6.25,gain,18320,3.62,0.15,1690,9.2,53.6
"2023: micro €500,000",6.25,no gain,8451,1.04,0.17,221,2.6,30.9
"2024: micro €500,000",18.75,gain,9551,3.38,0.2,817,8.6,32.6
"2024: micro €500,000",18.75,no gain,17326,0.62,0.12,271,1.6,51.0
"2025: micro €250,000",18.75,gain,12658,1.53,0.14,480,3.8,32.1
"2025: micro €250,000",18.75,no gain,22812,0.24,0.1,141,0.6,56.1
