event,year,horizon,base_mean_T,raw_mean_DiD_pp,raw_se_pp,placebo_1_5M_pp,placebo_2M_pp,corrected_pp,corrected_se_pp,wide_control_DiD_pp,first_stage_pp,per_switch_pp,per_switch_corrected_pp,per_switch_wide_pp
2018 entry,2015,-2,6.78,0.72,0.47,-0.56,0.14,0.93,0.62,0.42,0.6,,,
2018 entry,2016,-1,6.78,0.35,0.36,0.07,0.16,0.24,0.46,0.16,-0.6,,,
2018 entry,2017,0,6.78,0.0,,0.0,0.0,0.0,,0.0,0.0,,,
2018 entry,2018,1,6.78,0.94,0.38,0.21,-0.18,0.92,0.53,0.85,25.5,3.67,3.61,2.32
2018 entry,2019,2,6.78,0.69,0.5,0.45,0.06,0.43,0.63,0.51,15.8,4.34,2.72,2.17
2018 entry,2020,3,6.78,0.6,0.56,-0.72,0.49,0.71,0.69,0.46,10.5,5.71,6.77,2.57
2023 exit,2020,-2,15.69,-0.16,0.41,1.05,-0.42,-0.48,0.57,-0.97,-14.4,,,
2023 exit,2021,-1,15.69,-0.07,0.33,0.75,0.42,-0.66,0.44,-0.36,-11.8,,,
2023 exit,2022,0,15.69,0.0,,0.0,0.0,0.0,,0.0,0.0,,,
2023 exit,2023,1,15.69,-1.36,0.38,-0.82,0.26,-1.07,0.49,-2.39,-9.4,,,
2023 exit,2024,2,15.69,-2.51,0.42,-0.79,0.5,-2.37,0.51,-3.64,-23.8,,,
2023 exit,2025,3,15.69,-3.04,0.45,-0.93,0.57,-2.86,0.62,-3.61,-24.0,,,
