notch,count_excess_win10,count_excess_win20,count_excess_win30
"2014: micro €65,000",1045,1043,1043
"2015: micro €65,000",1555,1554,1554
"2016: micro €100,000",1557,1557,1557
"2017: micro €500,000",400,399,399
"2018: micro €1,000,000",478,477,477
"2019: micro €1,000,000",737,736,736
"2020: micro €1,000,000",740,739,739
"2021: micro €1,000,000",1058,1057,1057
"2022: micro €1,000,000",1050,1049,1049
"2023: micro €500,000",2752,2749,2749
"2024: micro €500,000",1553,1551,1551
"2025: micro €250,000",909,907,907
"2015: next-year eligibility €100,000 (end-2015 rate)",-155,-155,-155
"2022: announced-for-2023 €500,000",581,580,580
"2025: next-year eligibility €100,000 (end-2024 rate)",2852,2850,2850
