cohort,band,location,n,n_next,exit_pct,next_micro_pct,next_profit_pct,next_notax_pct,next_tax_over_rev_pct,next_tax_over_pretax_pct_profitpattern,this_margin,next_margin,next_rev_growth_pct,next_below_location_pct,next_below_97pct
2014->2015,5-0% below,404109,3575,3396,5.0,14.9,22.5,35.6,0.49,16.0,0.025,0.034,8.4,43.3,40.0
2014->2015,0-3% above,404109,2131,2002,6.1,15.3,20.9,37.0,0.39,16.0,0.024,0.031,9.3,37.6,35.0
2014->2015,3-10% above,404109,4705,4457,5.3,13.6,23.9,34.6,0.47,16.0,0.027,0.037,7.7,33.4,31.1
2015->2016,5-0% below,452450,3720,3531,5.1,57.3,9.2,12.6,1.0,16.0,0.055,0.049,1.3,52.6,46.6
2015->2016,0-3% above,452450,2614,2489,4.8,20.7,20.9,31.7,0.54,16.0,0.038,0.03,4.2,41.8,38.6
2015->2016,3-10% above,452450,4658,4416,5.2,18.6,21.8,30.8,0.62,16.0,0.041,0.036,2.5,39.1,36.3
2017->2018,5-0% below,458487,4380,4186,4.4,88.8,0.5,2.2,1.0,16.0,0.095,0.074,5.3,46.5,42.2
2017->2018,0-3% above,458487,2457,2363,3.8,88.6,0.5,1.5,1.0,16.0,0.087,0.072,6.4,39.4,35.8
2017->2018,3-10% above,458487,5170,4933,4.6,89.1,0.3,1.8,1.0,16.3,0.075,0.064,5.7,34.6,31.8
